[{"model": "admin.logentry", "pk": 1, "fields": {"action_time": "2022-08-15T12:41:43.832Z", "user": 1, "content_type": 7, "object_id": "1", "object_repr": "coopgarms.example.com", "action_flag": 2, "change_message": "[{\"changed\": {\"fields\": [\"Domain name\", \"Display name\"]}}]"}}, {"model": "admin.logentry", "pk": 2, "fields": {"action_time": "2022-08-15T12:54:55.500Z", "user": 1, "content_type": 8, "object_id": "1", "object_repr": "mattcooperdev@gmail.com", "action_flag": 1, "change_message": "[{\"added\": {}}]"}}, {"model": "admin.logentry", "pk": 3, "fields": {"action_time": "2022-08-28T08:25:01.484Z", "user": 1, "content_type": 13, "object_id": "1", "object_repr": "t_shirts", "action_flag": 1, "change_message": "[{\"added\": {}}]"}}, {"model": "admin.logentry", "pk": 4, "fields": {"action_time": "2022-08-28T08:25:26.043Z", "user": 1, "content_type": 13, "object_id": "1", "object_repr": "t_shirts", "action_flag": 2, "change_message": "[{\"changed\": {\"fields\": [\"Friendly name\"]}}]"}}, {"model": "admin.logentry", "pk": 5, "fields": {"action_time": "2022-08-28T08:25:37.650Z", "user": 1, "content_type": 13, "object_id": "2", "object_repr": "jackets", "action_flag": 1, "change_message": "[{\"added\": {}}]"}}, {"model": "admin.logentry", "pk": 6, "fields": {"action_time": "2022-08-28T08:25:50.686Z", "user": 1, "content_type": 13, "object_id": "3", "object_repr": "hoodies", "action_flag": 1, "change_message": "[{\"added\": {}}]"}}, {"model": "admin.logentry", "pk": 7, "fields": {"action_time": "2022-08-28T08:26:01.600Z", "user": 1, "content_type": 13, "object_id": "4", "object_repr": "pants", "action_flag": 1, "change_message": "[{\"added\": {}}]"}}, {"model": "admin.logentry", "pk": 8, "fields": {"action_time": "2022-08-28T08:50:29.598Z", "user": 1, "content_type": 14, "object_id": "1", "object_repr": "ANTI SOCIAL SOCIAL CLUB X BEARBRICK T-SHIRT", "action_flag": 1, "change_message": "[{\"added\": {}}]"}}, {"model": "admin.logentry", "pk": 9, "fields": {"action_time": "2022-08-28T08:53:25.363Z", "user": 1, "content_type": 14, "object_id": "2", "object_repr": "ANTI SOCIAL SOCIAL CLUB X DRAGON BALLZ T-SHIRT", "action_flag": 1, "change_message": "[{\"added\": {}}]"}}, {"model": "admin.logentry", "pk": 10, "fields": {"action_time": "2022-08-28T09:06:10.800Z", "user": 1, "content_type": 14, "object_id": "3", "object_repr": "ANTI SOCIAL SOCIAL CLUB A FIRE INSIDE FLAME T-SHIRT", "action_flag": 1, "change_message": "[{\"added\": {}}]"}}, {"model": "admin.logentry", "pk": 11, "fields": {"action_time": "2022-08-28T09:08:04.523Z", "user": 1, "content_type": 14, "object_id": "4", "object_repr": "supreme box logo t-shirt", "action_flag": 1, "change_message": "[{\"added\": {}}]"}}, {"model": "admin.logentry", "pk": 12, "fields": {"action_time": "2022-08-28T09:08:28.848Z", "user": 1, "content_type": 14, "object_id": "4", "object_repr": "SUPREME BOX LOGO T-SHIRT", "action_flag": 2, "change_message": "[{\"changed\": {\"fields\": [\"Name\"]}}]"}}, {"model": "admin.logentry", "pk": 13, "fields": {"action_time": "2022-08-28T09:22:48.405Z", "user": 1, "content_type": 14, "object_id": "5", "object_repr": "SUPREME TUPAC HOLOGRAM T-SHIRT", "action_flag": 1, "change_message": "[{\"added\": {}}]"}}, {"model": "admin.logentry", "pk": 14, "fields": {"action_time": "2022-08-28T09:23:56.493Z", "user": 1, "content_type": 14, "object_id": "6", "object_repr": "SUPREME RAMMELLZEE T-SHIRT", "action_flag": 1, "change_message": "[{\"added\": {}}]"}}, {"model": "admin.logentry", "pk": 15, "fields": {"action_time": "2022-08-28T13:29:37.918Z", "user": 1, "content_type": 14, "object_id": "7", "object_repr": "OFF-WHITE CABIN BAGGAGE T-SHIRT", "action_flag": 1, "change_message": "[{\"added\": {}}]"}}, {"model": "admin.logentry", "pk": 16, "fields": {"action_time": "2022-08-28T13:31:26.673Z", "user": 1, "content_type": 14, "object_id": "8", "object_repr": "OFF-WHITE CROSS LINE T-SHIRT", "action_flag": 1, "change_message": "[{\"added\": {}}]"}}, {"model": "admin.logentry", "pk": 17, "fields": {"action_time": "2022-08-28T13:34:13.742Z", "user": 1, "content_type": 14, "object_id": "9", "object_repr": "OFF-WHITE CARAVAGGIO SQUARE T-SHIRT", "action_flag": 1, "change_message": "[{\"added\": {}}]"}}, {"model": "admin.logentry", "pk": 18, "fields": {"action_time": "2022-08-28T13:41:24.767Z", "user": 1, "content_type": 14, "object_id": "10", "object_repr": "Palace Tri-Smudge T-shirt", "action_flag": 1, "change_message": "[{\"added\": {}}]"}}, {"model": "admin.logentry", "pk": 19, "fields": {"action_time": "2022-08-28T13:43:20.995Z", "user": 1, "content_type": 14, "object_id": "11", "object_repr": "PALACE DRURY T-SHIRT", "action_flag": 1, "change_message": "[{\"added\": {}}]"}}, {"model": "admin.logentry", "pk": 20, "fields": {"action_time": "2022-08-28T13:45:26.055Z", "user": 1, "content_type": 14, "object_id": "12", "object_repr": "PALACE OLYMPIC T-SHIRT", "action_flag": 1, "change_message": "[{\"added\": {}}]"}}, {"model": "admin.logentry", "pk": 21, "fields": {"action_time": "2022-08-28T13:47:07.316Z", "user": 1, "content_type": 14, "object_id": "13", "object_repr": "PALM ANGELS ALIEN T-SHIRT", "action_flag": 1, "change_message": "[{\"added\": {}}]"}}, {"model": "admin.logentry", "pk": 22, "fields": {"action_time": "2022-08-28T14:02:01.695Z", "user": 1, "content_type": 14, "object_id": "14", "object_repr": "PALM ANGELS BEAR T-SHIRT", "action_flag": 1, "change_message": "[{\"added\": {}}]"}}, {"model": "admin.logentry", "pk": 23, "fields": {"action_time": "2022-08-28T14:03:51.336Z", "user": 1, "content_type": 14, "object_id": "15", "object_repr": "supreme x the north face nuptse jacket", "action_flag": 1, "change_message": "[{\"added\": {}}]"}}, {"model": "admin.logentry", "pk": 24, "fields": {"action_time": "2022-08-28T14:05:16.426Z", "user": 1, "content_type": 14, "object_id": "16", "object_repr": "OFF-WHITE WINTER JACKET", "action_flag": 1, "change_message": "[{\"added\": {}}]"}}, {"model": "admin.logentry", "pk": 25, "fields": {"action_time": "2022-08-28T14:06:59.347Z", "user": 1, "content_type": 14, "object_id": "17", "object_repr": "SUPREME X THE NORTH FACE PAPER PRINT NUPTSE JACKET", "action_flag": 1, "change_message": "[{\"added\": {}}]"}}, {"model": "admin.logentry", "pk": 26, "fields": {"action_time": "2022-08-28T14:08:52.618Z", "user": 1, "content_type": 14, "object_id": "18", "object_repr": "OFF-WHITE DENIM JACKET", "action_flag": 1, "change_message": "[{\"added\": {}}]"}}, {"model": "admin.logentry", "pk": 27, "fields": {"action_time": "2022-08-28T14:11:28.022Z", "user": 1, "content_type": 14, "object_id": "19", "object_repr": "PALACE COACH JACKET", "action_flag": 1, "change_message": "[{\"added\": {}}]"}}, {"model": "admin.logentry", "pk": 28, "fields": {"action_time": "2022-08-28T14:14:05.473Z", "user": 1, "content_type": 14, "object_id": "20", "object_repr": "Anti Social Social Club Coach Jacket", "action_flag": 1, "change_message": "[{\"added\": {}}]"}}, {"model": "admin.logentry", "pk": 29, "fields": {"action_time": "2022-08-28T14:14:39.604Z", "user": 1, "content_type": 14, "object_id": "1", "object_repr": "ANTI SOCIAL SOCIAL CLUB X BEARBRICK T-SHIRT", "action_flag": 2, "change_message": "[{\"changed\": {\"fields\": [\"Brand\"]}}]"}}, {"model": "admin.logentry", "pk": 30, "fields": {"action_time": "2022-08-28T14:14:48.584Z", "user": 1, "content_type": 14, "object_id": "2", "object_repr": "ANTI SOCIAL SOCIAL CLUB X DRAGON BALLZ T-SHIRT", "action_flag": 2, "change_message": "[{\"changed\": {\"fields\": [\"Brand\"]}}]"}}, {"model": "admin.logentry", "pk": 31, "fields": {"action_time": "2022-08-28T14:14:56.062Z", "user": 1, "content_type": 14, "object_id": "3", "object_repr": "ANTI SOCIAL SOCIAL CLUB A FIRE INSIDE FLAME T-SHIRT", "action_flag": 2, "change_message": "[{\"changed\": {\"fields\": [\"Brand\"]}}]"}}, {"model": "admin.logentry", "pk": 32, "fields": {"action_time": "2022-08-28T14:16:57.441Z", "user": 1, "content_type": 14, "object_id": "21", "object_repr": "OFF WHITE BOMBER JACKET", "action_flag": 1, "change_message": "[{\"added\": {}}]"}}, {"model": "admin.logentry", "pk": 33, "fields": {"action_time": "2022-08-28T14:40:18.904Z", "user": 1, "content_type": 14, "object_id": "22", "object_repr": "SUPREME X STONE ISLAND RIOT MASK CAMO JACKET", "action_flag": 1, "change_message": "[{\"added\": {}}]"}}, {"model": "admin.logentry", "pk": 34, "fields": {"action_time": "2022-08-28T14:52:06.619Z", "user": 1, "content_type": 14, "object_id": "23", "object_repr": "SUPREME X THE NORTH FACE METALLIC MOUNTAIN PARKA GOLD JACKET", "action_flag": 1, "change_message": "[{\"added\": {}}]"}}, {"model": "admin.logentry", "pk": 35, "fields": {"action_time": "2022-08-28T14:53:14.186Z", "user": 1, "content_type": 14, "object_id": "24", "object_repr": "PALACE X ADIDAS JACKET", "action_flag": 1, "change_message": "[{\"added\": {}}]"}}, {"model": "admin.logentry", "pk": 36, "fields": {"action_time": "2022-08-28T15:05:47.992Z", "user": 1, "content_type": 14, "object_id": "25", "object_repr": "PALACE JACKET", "action_flag": 1, "change_message": "[{\"added\": {}}]"}}, {"model": "admin.logentry", "pk": 37, "fields": {"action_time": "2022-08-28T15:18:11.459Z", "user": 1, "content_type": 14, "object_id": "26", "object_repr": "ANTI SOCIAL SOCIAL CLUB COLOMBIA HOODIE", "action_flag": 1, "change_message": "[{\"added\": {}}]"}}, {"model": "admin.logentry", "pk": 38, "fields": {"action_time": "2022-08-28T15:20:42.143Z", "user": 1, "content_type": 14, "object_id": "27", "object_repr": "ANTI SOCIAL SOCIAL CLUB ROSES HOODIE", "action_flag": 1, "change_message": "[{\"added\": {}}]"}}, {"model": "admin.logentry", "pk": 39, "fields": {"action_time": "2022-08-28T15:21:47.017Z", "user": 1, "content_type": 14, "object_id": "28", "object_repr": "DREW HOUSE MASCOT HOODIE", "action_flag": 1, "change_message": "[{\"added\": {}}]"}}, {"model": "admin.logentry", "pk": 40, "fields": {"action_time": "2022-08-28T15:23:20.065Z", "user": 1, "content_type": 14, "object_id": "29", "object_repr": "OFF-WHITE FROZEN HOODIE", "action_flag": 1, "change_message": "[{\"added\": {}}]"}}, {"model": "admin.logentry", "pk": 41, "fields": {"action_time": "2022-08-28T15:33:59.118Z", "user": 1, "content_type": 14, "object_id": "30", "object_repr": "OFF-WHITE X UNDERCOVER HOODIE", "action_flag": 1, "change_message": "[{\"added\": {}}]"}}, {"model": "admin.logentry", "pk": 42, "fields": {"action_time": "2022-08-28T15:39:27.220Z", "user": 1, "content_type": 14, "object_id": "31", "object_repr": "SUPREME X KAWS CHALK LOGO HOODIE", "action_flag": 1, "change_message": "[{\"added\": {}}]"}}, {"model": "admin.logentry", "pk": 43, "fields": {"action_time": "2022-08-28T15:41:30.568Z", "user": 1, "content_type": 14, "object_id": "32", "object_repr": "SUPREME X LACOSTE HOODIE", "action_flag": 1, "change_message": "[{\"added\": {}}]"}}, {"model": "admin.logentry", "pk": 44, "fields": {"action_time": "2022-08-28T15:43:45.428Z", "user": 1, "content_type": 14, "object_id": "33", "object_repr": "ANTI SOCIAL SOCIAL CLUB CANCELLED (AGAIN) HOODIE", "action_flag": 1, "change_message": "[{\"added\": {}}]"}}, {"model": "admin.logentry", "pk": 45, "fields": {"action_time": "2022-08-28T15:50:07.887Z", "user": 1, "content_type": 14, "object_id": "34", "object_repr": "ANTI SOCIAL SOCIAL CLUB DROP A PIN HOODIE", "action_flag": 1, "change_message": "[{\"added\": {}}]"}}, {"model": "admin.logentry", "pk": 46, "fields": {"action_time": "2022-08-28T15:53:08.551Z", "user": 1, "content_type": 14, "object_id": "35", "object_repr": "PALACE HOODIE", "action_flag": 1, "change_message": "[{\"added\": {}}]"}}, {"model": "admin.logentry", "pk": 47, "fields": {"action_time": "2022-08-28T15:55:12.792Z", "user": 1, "content_type": 14, "object_id": "36", "object_repr": "PALACE ZODIAC HOODIE", "action_flag": 1, "change_message": "[{\"added\": {}}]"}}, {"model": "admin.logentry", "pk": 48, "fields": {"action_time": "2022-08-28T15:59:39.203Z", "user": 1, "content_type": 14, "object_id": "37", "object_repr": "PALACE SKELETON HOODIE", "action_flag": 1, "change_message": "[{\"added\": {}}]"}}, {"model": "admin.logentry", "pk": 49, "fields": {"action_time": "2022-08-28T16:06:41.161Z", "user": 1, "content_type": 14, "object_id": "38", "object_repr": "OFF-WHITE CAMO TRACK PANTS", "action_flag": 1, "change_message": "[{\"added\": {}}]"}}, {"model": "admin.logentry", "pk": 50, "fields": {"action_time": "2022-08-28T16:07:48.087Z", "user": 1, "content_type": 14, "object_id": "39", "object_repr": "OFF-WHITE CROSS LINE PANTS", "action_flag": 1, "change_message": "[{\"added\": {}}]"}}, {"model": "admin.logentry", "pk": 51, "fields": {"action_time": "2022-08-30T18:02:21.382Z", "user": 1, "content_type": 14, "object_id": "39", "object_repr": "OFF-WHITE CROSS LINE PANTS", "action_flag": 2, "change_message": "[{\"changed\": {\"fields\": [\"Image\"]}}]"}}, {"model": "admin.logentry", "pk": 52, "fields": {"action_time": "2022-08-30T18:02:42.015Z", "user": 1, "content_type": 14, "object_id": "38", "object_repr": "OFF-WHITE CAMO TRACK PANTS", "action_flag": 2, "change_message": "[{\"changed\": {\"fields\": [\"Image\"]}}]"}}, {"model": "admin.logentry", "pk": 53, "fields": {"action_time": "2022-08-30T18:02:55.267Z", "user": 1, "content_type": 14, "object_id": "37", "object_repr": "PALACE SKELETON HOODIE", "action_flag": 2, "change_message": "[{\"changed\": {\"fields\": [\"Image\"]}}]"}}, {"model": "admin.logentry", "pk": 54, "fields": {"action_time": "2022-08-30T18:03:05.487Z", "user": 1, "content_type": 14, "object_id": "36", "object_repr": "PALACE ZODIAC HOODIE", "action_flag": 2, "change_message": "[{\"changed\": {\"fields\": [\"Image\"]}}]"}}, {"model": "admin.logentry", "pk": 55, "fields": {"action_time": "2022-08-30T18:04:10.136Z", "user": 1, "content_type": 14, "object_id": "35", "object_repr": "PALACE HOODIE", "action_flag": 2, "change_message": "[{\"changed\": {\"fields\": [\"Image\"]}}]"}}, {"model": "admin.logentry", "pk": 56, "fields": {"action_time": "2022-08-30T18:04:22.151Z", "user": 1, "content_type": 14, "object_id": "34", "object_repr": "ANTI SOCIAL SOCIAL CLUB DROP A PIN HOODIE", "action_flag": 2, "change_message": "[{\"changed\": {\"fields\": [\"Image\"]}}]"}}, {"model": "admin.logentry", "pk": 57, "fields": {"action_time": "2022-08-30T18:04:36.109Z", "user": 1, "content_type": 14, "object_id": "33", "object_repr": "ANTI SOCIAL SOCIAL CLUB CANCELLED (AGAIN) HOODIE", "action_flag": 2, "change_message": "[{\"changed\": {\"fields\": [\"Image\"]}}]"}}, {"model": "admin.logentry", "pk": 58, "fields": {"action_time": "2022-08-30T18:04:50.748Z", "user": 1, "content_type": 14, "object_id": "32", "object_repr": "SUPREME X LACOSTE HOODIE", "action_flag": 2, "change_message": "[{\"changed\": {\"fields\": [\"Image\"]}}]"}}, {"model": "admin.logentry", "pk": 59, "fields": {"action_time": "2022-08-30T18:05:13.572Z", "user": 1, "content_type": 14, "object_id": "31", "object_repr": "SUPREME X KAWS CHALK LOGO HOODIE", "action_flag": 2, "change_message": "[{\"changed\": {\"fields\": [\"Image\"]}}]"}}, {"model": "admin.logentry", "pk": 60, "fields": {"action_time": "2022-08-30T18:05:31.454Z", "user": 1, "content_type": 14, "object_id": "30", "object_repr": "OFF-WHITE X UNDERCOVER HOODIE", "action_flag": 2, "change_message": "[{\"changed\": {\"fields\": [\"Image\"]}}]"}}, {"model": "admin.logentry", "pk": 61, "fields": {"action_time": "2022-08-30T18:05:42.115Z", "user": 1, "content_type": 14, "object_id": "29", "object_repr": "OFF-WHITE FROZEN HOODIE", "action_flag": 2, "change_message": "[{\"changed\": {\"fields\": [\"Image\"]}}]"}}, {"model": "admin.logentry", "pk": 62, "fields": {"action_time": "2022-08-30T18:07:51.356Z", "user": 1, "content_type": 14, "object_id": "28", "object_repr": "DREW HOUSE MASCOT HOODIE", "action_flag": 2, "change_message": "[{\"changed\": {\"fields\": [\"Image\"]}}]"}}, {"model": "admin.logentry", "pk": 63, "fields": {"action_time": "2022-08-30T18:08:09.370Z", "user": 1, "content_type": 14, "object_id": "27", "object_repr": "ANTI SOCIAL SOCIAL CLUB ROSES HOODIE", "action_flag": 2, "change_message": "[{\"changed\": {\"fields\": [\"Image\"]}}]"}}, {"model": "admin.logentry", "pk": 64, "fields": {"action_time": "2022-08-30T18:08:21.424Z", "user": 1, "content_type": 14, "object_id": "26", "object_repr": "ANTI SOCIAL SOCIAL CLUB COLOMBIA HOODIE", "action_flag": 2, "change_message": "[{\"changed\": {\"fields\": [\"Image\"]}}]"}}, {"model": "admin.logentry", "pk": 65, "fields": {"action_time": "2022-08-30T18:09:42.466Z", "user": 1, "content_type": 14, "object_id": "25", "object_repr": "PALACE JACKET", "action_flag": 2, "change_message": "[{\"changed\": {\"fields\": [\"Image\"]}}]"}}, {"model": "admin.logentry", "pk": 66, "fields": {"action_time": "2022-08-30T18:09:58.391Z", "user": 1, "content_type": 14, "object_id": "24", "object_repr": "PALACE X ADIDAS JACKET", "action_flag": 2, "change_message": "[{\"changed\": {\"fields\": [\"Image\"]}}]"}}, {"model": "admin.logentry", "pk": 67, "fields": {"action_time": "2022-08-30T18:10:21.200Z", "user": 1, "content_type": 14, "object_id": "23", "object_repr": "SUPREME X THE NORTH FACE METALLIC MOUNTAIN PARKA GOLD JACKET", "action_flag": 2, "change_message": "[{\"changed\": {\"fields\": [\"Image\"]}}]"}}, {"model": "admin.logentry", "pk": 68, "fields": {"action_time": "2022-08-30T18:10:44.935Z", "user": 1, "content_type": 14, "object_id": "22", "object_repr": "SUPREME X STONE ISLAND RIOT MASK CAMO JACKET", "action_flag": 2, "change_message": "[{\"changed\": {\"fields\": [\"Image\"]}}]"}}, {"model": "admin.logentry", "pk": 69, "fields": {"action_time": "2022-08-30T18:11:12.569Z", "user": 1, "content_type": 14, "object_id": "21", "object_repr": "OFF WHITE BOMBER JACKET", "action_flag": 2, "change_message": "[{\"changed\": {\"fields\": [\"Image\"]}}]"}}, {"model": "admin.logentry", "pk": 70, "fields": {"action_time": "2022-08-30T18:11:27.650Z", "user": 1, "content_type": 14, "object_id": "20", "object_repr": "Anti Social Social Club Coach Jacket", "action_flag": 2, "change_message": "[{\"changed\": {\"fields\": [\"Image\"]}}]"}}, {"model": "admin.logentry", "pk": 71, "fields": {"action_time": "2022-08-30T18:11:39.941Z", "user": 1, "content_type": 14, "object_id": "19", "object_repr": "PALACE COACH JACKET", "action_flag": 2, "change_message": "[{\"changed\": {\"fields\": [\"Image\"]}}]"}}, {"model": "admin.logentry", "pk": 72, "fields": {"action_time": "2022-08-30T18:11:54.997Z", "user": 1, "content_type": 14, "object_id": "18", "object_repr": "OFF-WHITE DENIM JACKET", "action_flag": 2, "change_message": "[{\"changed\": {\"fields\": [\"Image\"]}}]"}}, {"model": "admin.logentry", "pk": 73, "fields": {"action_time": "2022-08-30T18:12:18.720Z", "user": 1, "content_type": 14, "object_id": "17", "object_repr": "SUPREME X THE NORTH FACE PAPER PRINT NUPTSE JACKET", "action_flag": 2, "change_message": "[{\"changed\": {\"fields\": [\"Image\"]}}]"}}, {"model": "admin.logentry", "pk": 74, "fields": {"action_time": "2022-08-30T18:12:44.105Z", "user": 1, "content_type": 14, "object_id": "16", "object_repr": "OFF-WHITE WINTER JACKET", "action_flag": 2, "change_message": "[{\"changed\": {\"fields\": [\"Image\"]}}]"}}, {"model": "admin.logentry", "pk": 75, "fields": {"action_time": "2022-08-30T18:15:29.675Z", "user": 1, "content_type": 14, "object_id": "15", "object_repr": "supreme x the north face nuptse jacket", "action_flag": 2, "change_message": "[{\"changed\": {\"fields\": [\"Image\"]}}]"}}, {"model": "admin.logentry", "pk": 76, "fields": {"action_time": "2022-08-30T18:16:02.338Z", "user": 1, "content_type": 14, "object_id": "14", "object_repr": "PALM ANGELS BEAR T-SHIRT", "action_flag": 2, "change_message": "[]"}}, {"model": "admin.logentry", "pk": 77, "fields": {"action_time": "2022-08-30T18:16:24.114Z", "user": 1, "content_type": 14, "object_id": "13", "object_repr": "PALM ANGELS ALIEN T-SHIRT", "action_flag": 2, "change_message": "[{\"changed\": {\"fields\": [\"Image\"]}}]"}}, {"model": "admin.logentry", "pk": 78, "fields": {"action_time": "2022-08-30T18:17:23.447Z", "user": 1, "content_type": 14, "object_id": "12", "object_repr": "PALACE OLYMPIC T-SHIRT", "action_flag": 2, "change_message": "[{\"changed\": {\"fields\": [\"Image\"]}}]"}}, {"model": "admin.logentry", "pk": 79, "fields": {"action_time": "2022-08-30T18:17:48.836Z", "user": 1, "content_type": 14, "object_id": "11", "object_repr": "PALACE DRURY T-SHIRT", "action_flag": 2, "change_message": "[{\"changed\": {\"fields\": [\"Image\"]}}]"}}, {"model": "admin.logentry", "pk": 80, "fields": {"action_time": "2022-08-30T18:18:08.479Z", "user": 1, "content_type": 14, "object_id": "10", "object_repr": "Palace Tri-Smudge T-shirt", "action_flag": 2, "change_message": "[{\"changed\": {\"fields\": [\"Image\"]}}]"}}, {"model": "admin.logentry", "pk": 81, "fields": {"action_time": "2022-08-30T18:19:51.216Z", "user": 1, "content_type": 14, "object_id": "9", "object_repr": "OFF-WHITE CARAVAGGIO SQUARE T-SHIRT", "action_flag": 2, "change_message": "[{\"changed\": {\"fields\": [\"Image\"]}}]"}}, {"model": "admin.logentry", "pk": 82, "fields": {"action_time": "2022-08-30T18:20:06.673Z", "user": 1, "content_type": 14, "object_id": "8", "object_repr": "OFF-WHITE CROSS LINE T-SHIRT", "action_flag": 2, "change_message": "[{\"changed\": {\"fields\": [\"Image\"]}}]"}}, {"model": "admin.logentry", "pk": 83, "fields": {"action_time": "2022-08-30T18:22:59.267Z", "user": 1, "content_type": 14, "object_id": "7", "object_repr": "OFF-WHITE CABIN BAGGAGE T-SHIRT", "action_flag": 2, "change_message": "[{\"changed\": {\"fields\": [\"Image\"]}}]"}}, {"model": "admin.logentry", "pk": 84, "fields": {"action_time": "2022-08-30T18:23:11.107Z", "user": 1, "content_type": 14, "object_id": "6", "object_repr": "SUPREME RAMMELLZEE T-SHIRT", "action_flag": 2, "change_message": "[{\"changed\": {\"fields\": [\"Image\"]}}]"}}, {"model": "admin.logentry", "pk": 85, "fields": {"action_time": "2022-08-30T18:23:27.735Z", "user": 1, "content_type": 14, "object_id": "5", "object_repr": "SUPREME TUPAC HOLOGRAM T-SHIRT", "action_flag": 2, "change_message": "[{\"changed\": {\"fields\": [\"Image\"]}}]"}}, {"model": "admin.logentry", "pk": 86, "fields": {"action_time": "2022-08-30T18:23:38.984Z", "user": 1, "content_type": 14, "object_id": "4", "object_repr": "SUPREME BOX LOGO T-SHIRT", "action_flag": 2, "change_message": "[{\"changed\": {\"fields\": [\"Image\"]}}]"}}, {"model": "admin.logentry", "pk": 87, "fields": {"action_time": "2022-08-30T18:23:52.798Z", "user": 1, "content_type": 14, "object_id": "3", "object_repr": "ANTI SOCIAL SOCIAL CLUB A FIRE INSIDE FLAME T-SHIRT", "action_flag": 2, "change_message": "[{\"changed\": {\"fields\": [\"Image\"]}}]"}}, {"model": "admin.logentry", "pk": 88, "fields": {"action_time": "2022-08-30T18:28:40.050Z", "user": 1, "content_type": 14, "object_id": "2", "object_repr": "ANTI SOCIAL SOCIAL CLUB X DRAGON BALLZ T-SHIRT", "action_flag": 2, "change_message": "[{\"changed\": {\"fields\": [\"Image\"]}}]"}}, {"model": "admin.logentry", "pk": 89, "fields": {"action_time": "2022-08-30T18:28:50.875Z", "user": 1, "content_type": 14, "object_id": "1", "object_repr": "ANTI SOCIAL SOCIAL CLUB X BEARBRICK T-SHIRT", "action_flag": 2, "change_message": "[{\"changed\": {\"fields\": [\"Image\"]}}]"}}, {"model": "admin.logentry", "pk": 90, "fields": {"action_time": "2022-08-30T18:29:17.621Z", "user": 1, "content_type": 14, "object_id": "25", "object_repr": "PALACE JACKET", "action_flag": 3, "change_message": ""}}, {"model": "admin.logentry", "pk": 91, "fields": {"action_time": "2022-08-30T18:29:31.529Z", "user": 1, "content_type": 14, "object_id": "14", "object_repr": "PALM ANGELS BEAR T-SHIRT", "action_flag": 3, "change_message": ""}}, {"model": "admin.logentry", "pk": 92, "fields": {"action_time": "2022-09-04T18:21:54.056Z", "user": 2, "content_type": 4, "object_id": "2", "object_repr": "matt", "action_flag": 2, "change_message": "[]"}}, {"model": "admin.logentry", "pk": 93, "fields": {"action_time": "2022-09-06T18:09:46.560Z", "user": 2, "content_type": 4, "object_id": "2", "object_repr": "matt", "action_flag": 2, "change_message": "[{\"changed\": {\"fields\": [\"Email address\"]}}]"}}, {"model": "admin.logentry", "pk": 94, "fields": {"action_time": "2022-09-08T18:05:12.786Z", "user": 1, "content_type": 14, "object_id": "39", "object_repr": "OFF-WHITE CROSS LINE PANTS", "action_flag": 2, "change_message": "[{\"changed\": {\"fields\": [\"Sku\"]}}]"}}, {"model": "admin.logentry", "pk": 95, "fields": {"action_time": "2022-09-08T18:05:21.308Z", "user": 1, "content_type": 14, "object_id": "38", "object_repr": "OFF-WHITE CAMO TRACK PANTS", "action_flag": 2, "change_message": "[{\"changed\": {\"fields\": [\"Sku\"]}}]"}}, {"model": "admin.logentry", "pk": 96, "fields": {"action_time": "2022-09-08T18:05:27.771Z", "user": 1, "content_type": 14, "object_id": "37", "object_repr": "PALACE SKELETON HOODIE", "action_flag": 2, "change_message": "[{\"changed\": {\"fields\": [\"Sku\"]}}]"}}, {"model": "admin.logentry", "pk": 97, "fields": {"action_time": "2022-09-08T18:05:40.431Z", "user": 1, "content_type": 14, "object_id": "36", "object_repr": "PALACE ZODIAC HOODIE", "action_flag": 2, "change_message": "[{\"changed\": {\"fields\": [\"Sku\", \"Description\"]}}]"}}, {"model": "admin.logentry", "pk": 98, "fields": {"action_time": "2022-09-08T18:05:47.169Z", "user": 1, "content_type": 14, "object_id": "35", "object_repr": "PALACE HOODIE", "action_flag": 2, "change_message": "[{\"changed\": {\"fields\": [\"Sku\"]}}]"}}, {"model": "admin.logentry", "pk": 99, "fields": {"action_time": "2022-09-08T18:05:52.895Z", "user": 1, "content_type": 14, "object_id": "34", "object_repr": "ANTI SOCIAL SOCIAL CLUB DROP A PIN HOODIE", "action_flag": 2, "change_message": "[{\"changed\": {\"fields\": [\"Sku\"]}}]"}}, {"model": "admin.logentry", "pk": 100, "fields": {"action_time": "2022-09-08T18:05:59.543Z", "user": 1, "content_type": 14, "object_id": "33", "object_repr": "ANTI SOCIAL SOCIAL CLUB CANCELLED (AGAIN) HOODIE", "action_flag": 2, "change_message": "[{\"changed\": {\"fields\": [\"Sku\"]}}]"}}, {"model": "admin.logentry", "pk": 101, "fields": {"action_time": "2022-09-08T18:06:06.044Z", "user": 1, "content_type": 14, "object_id": "32", "object_repr": "SUPREME X LACOSTE HOODIE", "action_flag": 2, "change_message": "[{\"changed\": {\"fields\": [\"Sku\"]}}]"}}, {"model": "admin.logentry", "pk": 102, "fields": {"action_time": "2022-09-08T18:06:12.553Z", "user": 1, "content_type": 14, "object_id": "31", "object_repr": "SUPREME X KAWS CHALK LOGO HOODIE", "action_flag": 2, "change_message": "[{\"changed\": {\"fields\": [\"Sku\"]}}]"}}, {"model": "admin.logentry", "pk": 103, "fields": {"action_time": "2022-09-08T18:06:21.074Z", "user": 1, "content_type": 14, "object_id": "30", "object_repr": "OFF-WHITE X UNDERCOVER HOODIE", "action_flag": 2, "change_message": "[{\"changed\": {\"fields\": [\"Sku\"]}}]"}}, {"model": "admin.logentry", "pk": 104, "fields": {"action_time": "2022-09-08T18:06:27.603Z", "user": 1, "content_type": 14, "object_id": "29", "object_repr": "OFF-WHITE FROZEN HOODIE", "action_flag": 2, "change_message": "[{\"changed\": {\"fields\": [\"Sku\"]}}]"}}, {"model": "admin.logentry", "pk": 105, "fields": {"action_time": "2022-09-08T18:06:40.309Z", "user": 1, "content_type": 14, "object_id": "28", "object_repr": "DREW HOUSE MASCOT HOODIE", "action_flag": 2, "change_message": "[{\"changed\": {\"fields\": [\"Sku\"]}}]"}}, {"model": "admin.logentry", "pk": 106, "fields": {"action_time": "2022-09-08T18:06:46.491Z", "user": 1, "content_type": 14, "object_id": "27", "object_repr": "ANTI SOCIAL SOCIAL CLUB ROSES HOODIE", "action_flag": 2, "change_message": "[{\"changed\": {\"fields\": [\"Sku\"]}}]"}}, {"model": "admin.logentry", "pk": 107, "fields": {"action_time": "2022-09-08T18:07:10.156Z", "user": 1, "content_type": 14, "object_id": "26", "object_repr": "ANTI SOCIAL SOCIAL CLUB COLOMBIA HOODIE", "action_flag": 2, "change_message": "[{\"changed\": {\"fields\": [\"Sku\"]}}]"}}, {"model": "admin.logentry", "pk": 108, "fields": {"action_time": "2022-09-08T18:07:28.017Z", "user": 1, "content_type": 14, "object_id": "24", "object_repr": "PALACE X ADIDAS JACKET", "action_flag": 2, "change_message": "[{\"changed\": {\"fields\": [\"Sku\"]}}]"}}, {"model": "admin.logentry", "pk": 109, "fields": {"action_time": "2022-09-08T18:07:34.373Z", "user": 1, "content_type": 14, "object_id": "23", "object_repr": "SUPREME X THE NORTH FACE METALLIC MOUNTAIN PARKA GOLD JACKET", "action_flag": 2, "change_message": "[{\"changed\": {\"fields\": [\"Sku\"]}}]"}}, {"model": "admin.logentry", "pk": 110, "fields": {"action_time": "2022-09-08T18:07:51.967Z", "user": 1, "content_type": 14, "object_id": "22", "object_repr": "SUPREME X STONE ISLAND RIOT MASK CAMO JACKET", "action_flag": 2, "change_message": "[{\"changed\": {\"fields\": [\"Sku\"]}}]"}}, {"model": "admin.logentry", "pk": 111, "fields": {"action_time": "2022-09-08T18:07:58.076Z", "user": 1, "content_type": 14, "object_id": "21", "object_repr": "OFF WHITE BOMBER JACKET", "action_flag": 2, "change_message": "[{\"changed\": {\"fields\": [\"Sku\"]}}]"}}, {"model": "admin.logentry", "pk": 112, "fields": {"action_time": "2022-09-08T18:08:04.643Z", "user": 1, "content_type": 14, "object_id": "20", "object_repr": "Anti Social Social Club Coach Jacket", "action_flag": 2, "change_message": "[{\"changed\": {\"fields\": [\"Sku\"]}}]"}}, {"model": "admin.logentry", "pk": 113, "fields": {"action_time": "2022-09-08T18:08:10.800Z", "user": 1, "content_type": 14, "object_id": "19", "object_repr": "PALACE COACH JACKET", "action_flag": 2, "change_message": "[{\"changed\": {\"fields\": [\"Sku\"]}}]"}}, {"model": "admin.logentry", "pk": 114, "fields": {"action_time": "2022-09-08T18:08:17.875Z", "user": 1, "content_type": 14, "object_id": "18", "object_repr": "OFF-WHITE DENIM JACKET", "action_flag": 2, "change_message": "[{\"changed\": {\"fields\": [\"Sku\"]}}]"}}, {"model": "admin.logentry", "pk": 115, "fields": {"action_time": "2022-09-08T18:08:24.146Z", "user": 1, "content_type": 14, "object_id": "16", "object_repr": "OFF-WHITE WINTER JACKET", "action_flag": 2, "change_message": "[{\"changed\": {\"fields\": [\"Sku\"]}}]"}}, {"model": "admin.logentry", "pk": 116, "fields": {"action_time": "2022-09-08T18:08:30.016Z", "user": 1, "content_type": 14, "object_id": "15", "object_repr": "supreme x the north face nuptse jacket", "action_flag": 2, "change_message": "[{\"changed\": {\"fields\": [\"Sku\"]}}]"}}, {"model": "admin.logentry", "pk": 117, "fields": {"action_time": "2022-09-08T18:08:36.092Z", "user": 1, "content_type": 14, "object_id": "13", "object_repr": "PALM ANGELS ALIEN T-SHIRT", "action_flag": 2, "change_message": "[{\"changed\": {\"fields\": [\"Sku\"]}}]"}}, {"model": "admin.logentry", "pk": 118, "fields": {"action_time": "2022-09-08T18:08:42.572Z", "user": 1, "content_type": 14, "object_id": "12", "object_repr": "PALACE OLYMPIC T-SHIRT", "action_flag": 2, "change_message": "[{\"changed\": {\"fields\": [\"Sku\"]}}]"}}, {"model": "admin.logentry", "pk": 119, "fields": {"action_time": "2022-09-08T18:08:50.145Z", "user": 1, "content_type": 14, "object_id": "11", "object_repr": "PALACE DRURY T-SHIRT", "action_flag": 2, "change_message": "[{\"changed\": {\"fields\": [\"Sku\"]}}]"}}, {"model": "admin.logentry", "pk": 120, "fields": {"action_time": "2022-09-08T18:08:56.548Z", "user": 1, "content_type": 14, "object_id": "10", "object_repr": "Palace Tri-Smudge T-shirt", "action_flag": 2, "change_message": "[{\"changed\": {\"fields\": [\"Sku\"]}}]"}}, {"model": "admin.logentry", "pk": 121, "fields": {"action_time": "2022-09-08T18:09:02.754Z", "user": 1, "content_type": 14, "object_id": "9", "object_repr": "OFF-WHITE CARAVAGGIO SQUARE T-SHIRT", "action_flag": 2, "change_message": "[{\"changed\": {\"fields\": [\"Sku\"]}}]"}}, {"model": "admin.logentry", "pk": 122, "fields": {"action_time": "2022-09-08T18:09:09.352Z", "user": 1, "content_type": 14, "object_id": "8", "object_repr": "OFF-WHITE CROSS LINE T-SHIRT", "action_flag": 2, "change_message": "[{\"changed\": {\"fields\": [\"Sku\"]}}]"}}, {"model": "admin.logentry", "pk": 123, "fields": {"action_time": "2022-09-08T18:09:18.162Z", "user": 1, "content_type": 14, "object_id": "7", "object_repr": "OFF-WHITE CABIN BAGGAGE T-SHIRT", "action_flag": 2, "change_message": "[{\"changed\": {\"fields\": [\"Sku\"]}}]"}}, {"model": "admin.logentry", "pk": 124, "fields": {"action_time": "2022-09-08T18:09:24.410Z", "user": 1, "content_type": 14, "object_id": "6", "object_repr": "SUPREME RAMMELLZEE T-SHIRT", "action_flag": 2, "change_message": "[{\"changed\": {\"fields\": [\"Sku\"]}}]"}}, {"model": "admin.logentry", "pk": 125, "fields": {"action_time": "2022-09-08T18:09:34.416Z", "user": 1, "content_type": 14, "object_id": "5", "object_repr": "SUPREME TUPAC HOLOGRAM T-SHIRT", "action_flag": 2, "change_message": "[{\"changed\": {\"fields\": [\"Sku\"]}}]"}}, {"model": "admin.logentry", "pk": 126, "fields": {"action_time": "2022-09-08T18:09:47.848Z", "user": 1, "content_type": 14, "object_id": "5", "object_repr": "SUPREME TUPAC HOLOGRAM T-SHIRT", "action_flag": 2, "change_message": "[{\"changed\": {\"fields\": [\"Sku\"]}}]"}}, {"model": "admin.logentry", "pk": 127, "fields": {"action_time": "2022-09-08T18:09:54.094Z", "user": 1, "content_type": 14, "object_id": "1", "object_repr": "ANTI SOCIAL SOCIAL CLUB X BEARBRICK T-SHIRT", "action_flag": 2, "change_message": "[{\"changed\": {\"fields\": [\"Sku\"]}}]"}}, {"model": "admin.logentry", "pk": 128, "fields": {"action_time": "2022-09-08T18:09:59.869Z", "user": 1, "content_type": 14, "object_id": "2", "object_repr": "ANTI SOCIAL SOCIAL CLUB X DRAGON BALLZ T-SHIRT", "action_flag": 2, "change_message": "[{\"changed\": {\"fields\": [\"Sku\"]}}]"}}, {"model": "admin.logentry", "pk": 129, "fields": {"action_time": "2022-09-08T18:10:05.413Z", "user": 1, "content_type": 14, "object_id": "3", "object_repr": "ANTI SOCIAL SOCIAL CLUB A FIRE INSIDE FLAME T-SHIRT", "action_flag": 2, "change_message": "[{\"changed\": {\"fields\": [\"Sku\"]}}]"}}, {"model": "admin.logentry", "pk": 130, "fields": {"action_time": "2022-09-08T18:16:28.634Z", "user": 1, "content_type": 14, "object_id": "4", "object_repr": "SUPREME BOX LOGO T-SHIRT", "action_flag": 2, "change_message": "[{\"changed\": {\"fields\": [\"Sku\"]}}]"}}, {"model": "auth.user", "pk": 1, "fields": {"password": "pbkdf2_sha256$260000$AMspWL5wB8K0QCwbJTXLr5$9FnJys1MCT5Fwoh/+xtYTZgAttDNFzx9FlpJ32OD9Z8=", "last_login": "2022-09-09T17:10:51.555Z", "is_superuser": true, "username": "admin", "first_name": "", "last_name": "", "email": "mattcooperdev@gmail.com", "is_staff": true, "is_active": true, "date_joined": "2022-08-15T12:30:26.524Z", "groups": [], "user_permissions": []}}, {"model": "auth.user", "pk": 2, "fields": {"password": "pbkdf2_sha256$260000$aiB5w23MCOcN3SdadlqZnN$65/DFQ8yRnMMsmHYKDW9gmHS5W2PJbQXYkY5g7FR3KE=", "last_login": "2022-09-06T18:09:28Z", "is_superuser": true, "username": "matt", "first_name": "", "last_name": "", "email": "coopandmgc@gmail.com", "is_staff": true, "is_active": true, "date_joined": "2022-09-04T17:17:41Z", "groups": [], "user_permissions": []}}, {"model": "auth.user", "pk": 3, "fields": {"password": "pbkdf2_sha256$260000$Trpu1ZEIoZ6EYr65oPH7dU$U3na1/cYz6g/hS2WMZeTFzG/qLM2mm8jKirfegQ0/cY=", "last_login": "2022-09-06T18:24:55.274Z", "is_superuser": false, "username": "Test1", "first_name": "", "last_name": "", "email": "test@testy.com", "is_staff": false, "is_active": true, "date_joined": "2022-09-06T18:24:03.136Z", "groups": [], "user_permissions": []}}, {"model": "sessions.session", "pk": "5hy8gagy2tra0njefo7gkulxqcpoxn7l", "fields": {"session_data": ".eJxVjMsOwiAUBf-FdUOgtDy6dO83kAtcLGrAQGs0xn_XJl3o9syceREL6zLbtWG1KZCJcNL9bg78BfMGwhnyqVBf8lKTo5tCd9rosQS8Hnb3LzBDm7_vIZiI4GVUo2dS8CCFi8o4wV2vBSg-KNTGSxhB9wp7zkYHnGuGAB6F2aINW0slW3zcUn2SiXWkwR1tyrGQaakrvj_7eUVd:1oWhch:9RFAh7GdXgnvSClI_4kCz4dyBFaUEuxPTotsQhxrHiU", "expire_date": "2022-09-23T17:16:59.882Z"}}, {"model": "sessions.session", "pk": "islz0skctarhetwzn78bzeb4c78q6r0j", "fields": {"session_data": ".eJyrVkpKTFeyqlYyNACRmSWpucXxSZXxxZlVqSCBXCUrw9paHSUjPLK1tQAkXxdU:1oUtEg:tb3tJe09ZPS4KSlpmfaAnEm8PVN1bvgotcNg_jTqy1g", "expire_date": "2022-09-18T17:16:42.737Z"}}, {"model": "sessions.session", "pk": "kf8brl41qf6r6rpa4rq71owbpdfwvmti", "fields": {"session_data": ".eJxljEEOwiAURO_C2jQt31bo0r1nIPD5WLSCgWI0xrvbmsbEuJvMezNPphFjCZO6UfLOk1V00X5kfSjjuPnSkimxngHbMKXLNHwK5e1_ZzSeKSzAnnQ4xgpjmJI31aJUK83VIVoa96v7czDoPMxrRzWA2wrgopHAjbDk2oZ3c5BEFh3yhkQLHUgO2oBt2h1HIZEQnBR8Oc2Us49B0f3q04P19esNft5QuA:1oVdFn:1qzjvv585IwvWB_KovytPJ8upBQzJGsQVdpmMQmzqBE", "expire_date": "2022-09-20T18:24:55.285Z"}}, {"model": "sessions.session", "pk": "kg2oy2wiynq557crojtlaqlq1jaauics", "fields": {"session_data": ".eJxVjMEOgyAQBf9lz8aAqIDH3vsNZIGl0jbQiDZtjP_emnhor2_mzQoGl3k0S6HJRA8DcKh-N4vuRmkH_orpkmuX0zxFW-9KfdBSn7On--lw_wIjlvH7br0OhK4PsnOsF9z3wgapreC2UQIlbyUp7XrsUDWSGs46i5wrRoiOhN6jhUqJORl6PeL0hoFVUPBJJqaQYZinhSqweIFh3bYPdo5IKQ:1oWMYP:-1hypexs0sc1_ADVBZeQqu-8TvvKr3PJZQ4Nb89ewWs", "expire_date": "2022-09-22T18:47:09.657Z"}}, {"model": "sessions.session", "pk": "pefx5z7s2qsi9qlzozvjqg8pupj31fs1", "fields": {"session_data": ".eJxVjMsOwiAQRf-FtSEMlJdL934DGWCQqoGktCvjv2uTLnR7zzn3xQJuaw3boCXMmZ0ZsNPvFjE9qO0g37HdOk-9rcsc-a7wgw5-7Zmel8P9O6g46reesi-EyRSrkzAKslGxWB8VROkUWpgsOZ8ManTSkgShIwI4QYiJlGfvD-wdN_w:1oSDad:906IbftJvsSHv_hi7GxhLOLEqWWk5SEXCoigXbtCV8M", "expire_date": "2022-09-11T08:24:19.366Z"}}, {"model": "sessions.session", "pk": "wgy64tarpowobufh5gblf64fzzd8sm3y", "fields": {"session_data": ".eJxVjMsOwiAQRf-FtSFMaXl06d5vIANMLWrAQJtojP-uTbrQ7T3nnhdzuC6zWxtVlyIbGbDD7-YxXClvIF4wnwsPJS81eb4pfKeNn0qk23F3_wIztvn77qOdCIOa9BCEkhCV9JO2XoLvjEQNvSZjg8IBTaepAzF4BDCCEANJu0UbtZZKdvS4p_pko3h_AJYjPzk:1oNZcg:McqokwPdFBF9qGhzaaQ2kfUzdUzfLz3VEqilq0ESMow", "expire_date": "2022-08-29T12:55:14.698Z"}}, {"model": "sites.site", "pk": 1, "fields": {"domain": "coopgarms.example.com", "name": "Coopgarms"}}, {"model": "account.emailaddress", "pk": 1, "fields": {"user": 1, "email": "mattcooperdev@gmail.com", "verified": true, "primary": true}}, {"model": "account.emailaddress", "pk": 2, "fields": {"user": 3, "email": "test@testy.com", "verified": true, "primary": true}}, {"model": "products.category", "pk": 1, "fields": {"name": "t_shirts", "friendly_name": "T-Shirts"}}, {"model": "products.category", "pk": 2, "fields": {"name": "jackets", "friendly_name": "Jackets"}}, {"model": "products.category", "pk": 3, "fields": {"name": "hoodies", "friendly_name": "Hoodies"}}, {"model": "products.category", "pk": 4, "fields": {"name": "pants", "friendly_name": "Pants"}}, {"model": "products.product", "pk": 1, "fields": {"category": 1, "sku": "000032", "name": "ANTI SOCIAL SOCIAL CLUB X BEARBRICK T-SHIRT", "brand": "Anti Social Social Club", "description": "If you want to add a new T-shirt to your collection, this is the one to get. The streetwear brand Anti Social Social Club and the Japanese company MediCom Toy made a sensational collaboration of apparel, featuring the print of the famous Bearbrick item. This T-shirt is part of that collection and has the wavy ASSC logo on the back and front, together with a see-through pink figure of Bearbrick. Comfortable and stylish, this T-shirt is perfect in all ways!", "has_sizes": true, "price": "35.00", "rating": "4.20", "image_url": null, "image": "Anti-Social-Social-Club-Bearbrick-Tee-Black_XHfJaSJ.png"}}, {"model": "products.product", "pk": 2, "fields": {"category": 1, "sku": "000033", "name": "ANTI SOCIAL SOCIAL CLUB X DRAGON BALLZ T-SHIRT", "brand": "Anti Social Social Club", "description": "Wondering what T-shirt to buy for the spring-summer season? The Anti Social Social club has one for you, celebrating the Japanese anime series Dragon Ball Z. The T-shirt is available in black and white and features a print with 1988 and dragon-like motifs on the front, with the wavy logo of ASCC shadowed by a dragon on the back. If you’re a fan of anime and a follower of streetwear trends, this T-shirt is an exceptional choice!", "has_sizes": true, "price": "35.00", "rating": "4.00", "image_url": null, "image": "assc-X-DRAGON-BALLZ-600x600_1J92CNg.png"}}, {"model": "products.product", "pk": 3, "fields": {"category": 1, "sku": "000034", "name": "ANTI SOCIAL SOCIAL CLUB A FIRE INSIDE FLAME T-SHIRT", "brand": "Anti Social Social Club", "description": "For the arsonist inside us all – the Anti-Social Social Club T-shirt bellies a fire underneath that is impossible to hide. If you’ve got passion and heart in every fiber of your being, or you’d love nothing more than to set fire to the world and watch it burn – then this is the shirt for you. A mix of excitement and style never hurt anybody. Perfect for confident, impressive individuals that won’t dim their light for anyone else!", "has_sizes": true, "price": "35.00", "rating": "4.00", "image_url": null, "image": "Anti-Social-Social-Club-A-Fire-Inside-Flame-T-shirt-Black_2Gmt2ko.png"}}, {"model": "products.product", "pk": 4, "fields": {"category": 1, "sku": "00035", "name": "SUPREME BOX LOGO T-SHIRT", "brand": "Supreme", "description": "Want to keep a low-profile and look cool at the same time? This is what the Supreme style is all about. Take for example this SUPREME BOX LOGO T-SHIRT. A plain T-shirt with the Supreme logo on the chest. Minimalistic, but stylish.", "has_sizes": true, "price": "40.00", "rating": "4.60", "image_url": null, "image": "Supreme-Box-Logo-T-Shirt_yHlt6cx.jpg"}}, {"model": "products.product", "pk": 5, "fields": {"category": 1, "sku": "000031", "name": "SUPREME TUPAC HOLOGRAM T-SHIRT", "brand": "Supreme", "description": "Rare Supreme Tee with the Tupac hologram image emblazoned on the front.", "has_sizes": true, "price": "50.00", "rating": "4.00", "image_url": null, "image": "supreme-tupac-w_YtPowy2.png"}}, {"model": "products.product", "pk": 6, "fields": {"category": 1, "sku": "000030", "name": "SUPREME RAMMELLZEE T-SHIRT", "brand": "Supreme", "description": "SUPREME RAMMELLZEE T-SHIRT", "has_sizes": true, "price": "45.00", "rating": "4.00", "image_url": null, "image": "supreme-rammellzee-2_bQj9wEH.png"}}, {"model": "products.product", "pk": 7, "fields": {"category": 1, "sku": "000029", "name": "OFF-WHITE CABIN BAGGAGE T-SHIRT", "brand": "Off-White", "description": "Off-White is famous for its industrial logo-design and this T-shirt epitomizes it best. The all-white T-shirt features the Off-White logo, which consists of a mix of gray, black and spots of white, creating a pattern reminiscent of an optical illusion. Great for people looking to complete their streetwear outfit, as its deceptively expressive nature attracts attention without taking up the spotlight. Perfect for casual outings across the city, or more serious gatherings.", "has_sizes": true, "price": "50.00", "rating": "3.80", "image_url": null, "image": "off-white-baggage-tee_9QhudAz.jpg"}}, {"model": "products.product", "pk": 8, "fields": {"category": 1, "sku": "000028", "name": "OFF-WHITE CROSS LINE T-SHIRT", "brand": "Off-White", "description": "OFF-WHITE brand has amazing ways of creating its designs. On OFF-WHITE CROSS LINE T-SHIRT, they were inspired by the yellow fire line “do not cross” that usually represents and shows a place where there was a fire.", "has_sizes": true, "price": "35.00", "rating": "4.00", "image_url": null, "image": "off-white-do-not-cross-tee_V1NLsKu.jpg"}}, {"model": "products.product", "pk": 9, "fields": {"category": 1, "sku": "000027", "name": "OFF-WHITE CARAVAGGIO SQUARE T-SHIRT", "brand": "Off-White", "description": "Caravaggio is an ancient painter, whose designs you can now wear with pride on your T-shirts. The cyan background of the T-shirt retains attention, attracting eyes towards the incredible painting featured at the forefront. It’s available in high detail, so people can marvel at your specific taste in fashion and art, understanding you better and creating a bond that is sure to last.", "has_sizes": true, "price": "40.00", "rating": "4.50", "image_url": null, "image": "caravaggio-square-1_rgkwYmD.png"}}, {"model": "products.product", "pk": 10, "fields": {"category": 1, "sku": "000026", "name": "Palace Tri-Smudge T-shirt", "brand": "Palace", "description": "If you’re into the vaporwave kind of aesthetics, then this PALACE TRI-SMUDGE T-SHIRT is just the right thing to wear for you. The neon colors and the blurred edges of the Palace logo make for a really hip combination.", "has_sizes": true, "price": "30.00", "rating": "4.00", "image_url": null, "image": "palaz454_8bDf13L.png"}}, {"model": "products.product", "pk": 11, "fields": {"category": 1, "sku": "000025", "name": "PALACE DRURY T-SHIRT", "brand": null, "description": "Another classic by Palace, the skater-oriented streetwear company that’s known and respected worldwide for their commitment to authenticity and prime stylization of clothing. On the front of the T-shirt, stands a Penrose triangle that features white, blue and red in a dizzying array of monotone colors. The texture is reminiscent of old TV static, adding to the retro feeling of the piece, as intended. Over the triangle, stands the text Palace. This T-shirt is available in both Black and White so that you can fit it even better into your outfit collection!", "has_sizes": true, "price": "35.00", "rating": "4.20", "image_url": null, "image": "palacedrury_BvQJoDG.png"}}, {"model": "products.product", "pk": 12, "fields": {"category": 1, "sku": "000024", "name": "PALACE OLYMPIC T-SHIRT", "brand": "Palace", "description": "Palace's homage to the Olympic rings printed across the shoulders of this classic cotton white tee.", "has_sizes": true, "price": "40.00", "rating": "4.20", "image_url": null, "image": "palace-olympic-tee_UJOvilm.png"}}, {"model": "products.product", "pk": 13, "fields": {"category": 1, "sku": "000023", "name": "PALM ANGELS ALIEN T-SHIRT", "brand": "Palm Angels", "description": "One of the classic designs from LA's Palm Angels!", "has_sizes": true, "price": "60.00", "rating": "4.10", "image_url": null, "image": "palm-alien_2pWc3KY.png"}}, {"model": "products.product", "pk": 15, "fields": {"category": 2, "sku": "000022", "name": "supreme x the north face nuptse jacket", "brand": "Supreme", "description": "This SUPREME X THE NORTH FACE NUPTSE JACKET stands out for its topographic print and also for its comfortable design. This piece is black and most importantly – at the most accessible price on the market.", "has_sizes": true, "price": "100.00", "rating": "4.00", "image_url": null, "image": "The-north-face-supreme-necessary-by-any-means-padded-hooded-jacket-black-2-600x600_oCHkoiE.jpg"}}, {"model": "products.product", "pk": 16, "fields": {"category": 2, "sku": "000021", "name": "OFF-WHITE WINTER JACKET", "brand": "Off-White", "description": "This down padded winter jacket features the iconic white diagonal stripe print, which is a recognizable Off White trait. This OFF-WHITE WINTER JACKET will provide you with coziness and stylishness in this cold season.", "has_sizes": true, "price": "110.00", "rating": "4.10", "image_url": null, "image": "Off-White-Warm-Down-Jacket_LQ6O7j5.jpg"}}, {"model": "products.product", "pk": 18, "fields": {"category": 2, "sku": "000020", "name": "OFF-WHITE DENIM JACKET", "brand": "Off-White", "description": "Black denim jacket with the classic off-white cross logo across the back.", "has_sizes": true, "price": "60.00", "rating": "3.70", "image_url": null, "image": "off-white-denim-jacket_2UTXLog.jpg"}}, {"model": "products.product", "pk": 19, "fields": {"category": 2, "sku": "000019", "name": "PALACE COACH JACKET", "brand": "Palace", "description": "A black collar jacket that has a cool urban vibe to it, This buttoned PALACE COACH JACKET is perfect to wear on any occasion, whether it’s a downtown night out with friends or a party. You can complete this look with whatever you want, it would look good with almost everything.", "has_sizes": true, "price": "70.00", "rating": null, "image_url": null, "image": "palace-coach-jacket_1n9igoR.jpg"}}, {"model": "products.product", "pk": 20, "fields": {"category": 2, "sku": "000018", "name": "Anti Social Social Club Coach Jacket", "brand": "Anti Social Social Club", "description": "A classic hoodie with the typographic logo of Anti Social Social Club brand on the back. A brand that has made a name for its unconventional designs. Try out this ANTI SOCIAL SOCIAL CLUB COACH JACKET and be as unconventional and daring as you wish to be.", "has_sizes": true, "price": "60.00", "rating": "4.20", "image_url": null, "image": "anti-social-club-coach-jacket_t3UlbB6.jpg"}}, {"model": "products.product", "pk": 21, "fields": {"category": 2, "sku": "000017", "name": "OFF WHITE BOMBER JACKET", "brand": "Off-White", "description": "An item that is an absolute must-have in any season. This OFF WHITE BOMBER JACKET features the iconic tiger and the main Off-White pattern combined, which are a great addition to this sporty jacket.\r\n\r\nIts overall trendy design greatly compliments your street culture vibe. The color and symmetric approach make from this jacket a fashion item that will last for many seasons.", "has_sizes": true, "price": "80.00", "rating": "4.20", "image_url": null, "image": "off-white-bomber-jacket_dYbf9Vz.png"}}, {"model": "products.product", "pk": 22, "fields": {"category": 2, "sku": "000016", "name": "SUPREME X STONE ISLAND RIOT MASK CAMO JACKET", "brand": "Supreme", "description": "SUPREME X STONE ISLAND RIOT MASK CAMO JACKET", "has_sizes": true, "price": "150.00", "rating": "4.30", "image_url": null, "image": "supreme-stone-island-riot-mask-jacket_X1S5EYW.jpg"}}, {"model": "products.product", "pk": 23, "fields": {"category": 2, "sku": "000015", "name": "SUPREME X THE NORTH FACE METALLIC MOUNTAIN PARKA GOLD JACKET", "brand": "Supreme", "description": "Gold metallic jacket from the Supreme x North Face collab!!!", "has_sizes": true, "price": "150.00", "rating": "4.90", "image_url": null, "image": "supreme-north-face-metallic-jacket_FhouChj.jpg"}}, {"model": "products.product", "pk": 24, "fields": {"category": 2, "sku": "000014", "name": "PALACE X ADIDAS JACKET", "brand": "Palace", "description": "The athletic aesthetics of Adidas, combined with the Palace vibe, make this PALACE X ADIDAS JACKET a sporty wear in all its possible meanings. Its multicoloured and comfortable design make this jacket a really sought-after item of clothing.", "has_sizes": true, "price": "60.00", "rating": "4.20", "image_url": null, "image": "palace-adidas-jacket_8tksTIM.png"}}, {"model": "products.product", "pk": 26, "fields": {"category": 3, "sku": "000013", "name": "ANTI SOCIAL SOCIAL CLUB COLOMBIA HOODIE", "brand": "Anti Social Social Club", "description": "The Anti Social Social Club Colombia hoodie is an amazing mixture of colors that is wonderful to see. Despite the black and white aesthetic of the hoodie itself, featuring a black backdrop upon which the titular label’s name is printed on, it also holds the visage of 4 very colorful parrots. With colors ranging from a brilliant golden hue, to reds, greens and even sky shades of blue, it’s comforting and exciting!", "has_sizes": false, "price": "60.00", "rating": "4.20", "image_url": null, "image": "Anti-Social-Social-Club-Colombia-Hoodie-Black_WrNG8rM.png"}}, {"model": "products.product", "pk": 27, "fields": {"category": 3, "sku": "000012", "name": "ANTI SOCIAL SOCIAL CLUB ROSES HOODIE", "brand": "Anti Social Social Club", "description": "It’s hoodie season, baby! The Anti Social Social Club Roses hoodie design is ideal for a softer, more tame yet thoughtful look. The image created is ideal for the coming cooler weather, overcast skies and fast-coming evenings. The hoodie is well made and available in gray, white and black. The logo is overlayed with gray Roses, symbolising beauty and elegance, coupled with an odd sense of nostalgia and memory. Ideal for casual wear!", "has_sizes": false, "price": "50.00", "rating": "3.80", "image_url": null, "image": "anti-social-social-club-hoodie-flowers-white_PqV85ak.jpg"}}, {"model": "products.product", "pk": 28, "fields": {"category": 3, "sku": "000011", "name": "DREW HOUSE MASCOT HOODIE", "brand": "Drew", "description": "DREW HOUSE MASCOT HOODIE", "has_sizes": true, "price": "60.00", "rating": "4.30", "image_url": null, "image": "drew-house-mascot-hoodie-red-1_q6yJMpg.png"}}, {"model": "products.product", "pk": 29, "fields": {"category": 3, "sku": "000011", "name": "OFF-WHITE FROZEN HOODIE", "brand": "Off-White", "description": "Off-White’s frozen hoodie looks incredibly cool. The frozen over design has been done in the past, but Off-White executes it perfectly and transports both the wearer as well as the onlooker to the Antarctic. The perfect addition for a good spring, or a chilly summer, its bright white and blue arctic colors contrast well with the black sleeve stripes to create a unique look. Slightly old-school, but modern, Off-White’s hoodie doesn’t cease to impress.", "has_sizes": false, "price": "65.00", "rating": "4.00", "image_url": null, "image": "off-white-frozen-hoodie_RzZI2Lg.jpg"}}, {"model": "products.product", "pk": 30, "fields": {"category": 3, "sku": "000010", "name": "OFF-WHITE X UNDERCOVER HOODIE", "brand": "Off-White", "description": "Off-White’s newly embarked journey towards more novel designs would see us wearing the collaboration with Undercover. It features a skeleton with its back turned towards the viewer, hiding the text “UNDEROFFWHITECOVERS”. Stylish, impressive and utterly original, there’s nothing not to love about this hoodie.", "has_sizes": true, "price": "50.00", "rating": "4.20", "image_url": null, "image": "off-white-undercovers-hoodie_ihNoijZ.jpg"}}, {"model": "products.product", "pk": 31, "fields": {"category": 3, "sku": "00009", "name": "SUPREME X KAWS CHALK LOGO HOODIE", "brand": "Supreme", "description": "Collab between Supreme and the KAWS collective. Chalk logo on a black hoodie. Cop!!!", "has_sizes": true, "price": "60.00", "rating": "4.80", "image_url": null, "image": "supreme-kaws-hoodie_E3PvW8e.jpg"}}, {"model": "products.product", "pk": 32, "fields": {"category": 3, "sku": "00008", "name": "SUPREME X LACOSTE HOODIE", "brand": "Supreme", "description": "Looking for a simple, impeccable hoodie to wear around the house or to events? The Supreme x Lacoste Hoodie may be exactly what you’re looking for. The elementary design features a sigil on top of a vast expanse of color, leaving you with a standout design that looks solid and personalized. With various choices when it comes to color and size, you can customize it to your liking and get the perfect hoodie for your sense of style.", "has_sizes": true, "price": "60.00", "rating": "4.20", "image_url": null, "image": "Supreme-LACOSTE-Hooded-Sweatshirt-Green_cTv0kYp.png"}}, {"model": "products.product", "pk": 33, "fields": {"category": 3, "sku": "00007", "name": "ANTI SOCIAL SOCIAL CLUB CANCELLED (AGAIN) HOODIE", "brand": "Anti Social Social Club", "description": "Cancelled (Again!)", "has_sizes": true, "price": "60.00", "rating": "4.00", "image_url": null, "image": "ANTI-SOCIAL-SOCIAL-CLUB-CANCELLED-AGAIN-HOODIE_SEo4kXU.jpg"}}, {"model": "products.product", "pk": 34, "fields": {"category": 3, "sku": "00006", "name": "ANTI SOCIAL SOCIAL CLUB DROP A PIN HOODIE", "brand": "Anti Social Social Club", "description": "Drop a Pin in it! A different take on the classic ASSC logo....TIP!", "has_sizes": true, "price": "70.00", "rating": "4.20", "image_url": null, "image": "ANTI-SOCIAL-SOCIAL-CLUB-DROP-A-PIN-HOODIE_bos8Xyn.jpg"}}, {"model": "products.product", "pk": 35, "fields": {"category": 3, "sku": "00005", "name": "PALACE HOODIE", "brand": "Palace", "description": "If you are a hoodie fan and you love lively colors, then PALACE HOODIE is the right choice for you. It is a stylish piece of clothing that can be worn every day no matter the weather outside. The fabric it is made from is soft and creates the feeling that you wear a comfy pajamas. The combination of pink with blue and green make it easy to combine it with some jeans or with some track pants.", "has_sizes": true, "price": "65.00", "rating": "4.70", "image_url": null, "image": "palace-hoodie_bbjhuhv.png"}}, {"model": "products.product", "pk": 36, "fields": {"category": 3, "sku": "00004", "name": "PALACE ZODIAC HOODIE", "brand": "Palace", "description": "This PALACE ZODIAC HOODIE is a clothing item you don’t want to miss this season. The classic black hooded sweater features a zodiac print with the iconic Palace logo in the middle, printed on the back. A stylish and inexpensive wear.", "has_sizes": true, "price": "50.00", "rating": "4.20", "image_url": null, "image": "palace-zodiac-hoodie_lGlEbFz.png"}}, {"model": "products.product", "pk": 37, "fields": {"category": 3, "sku": "00003", "name": "PALACE SKELETON HOODIE", "brand": "Palace", "description": "Classic Palace Tri-Ferg logo with a bony twist...", "has_sizes": true, "price": "60.00", "rating": "4.50", "image_url": null, "image": "palace-skeleton-hoodie_RvbOVJ2.png"}}, {"model": "products.product", "pk": 38, "fields": {"category": 4, "sku": "00002", "name": "OFF-WHITE CAMO TRACK PANTS", "brand": "Off-White", "description": "Camouflage track pants from the Off-White camp", "has_sizes": true, "price": "40.00", "rating": "3.50", "image_url": null, "image": "off-white-camo-pants_OJVUJ0h.jpg"}}, {"model": "products.product", "pk": 39, "fields": {"category": 4, "sku": "00001", "name": "OFF-WHITE CROSS LINE PANTS", "brand": "Off-White", "description": "OFF-WHITE pants with zip detail and cross-line print", "has_sizes": true, "price": "35.00", "rating": "3.90", "image_url": null, "image": "off-white-cross-line-pants_uWIsChJ.jpg"}}, {"model": "checkout.order", "pk": 1, "fields": {"order_number": "6B1E283B1360451E82FDA66209D08573", "user_profile": 2, "full_name": "admin", "email": "mattcooperdev@gmail.com", "phone_number": "01282457787", "country": "GB", "postcode": "BB10 3JX", "town_or_city": "Burnley", "street_address1": "8 Langwyth Road", "street_address2": null, "county": null, "date": "2022-09-08T18:41:35.302Z", "delivery_cost": "0.00", "order_total": "60.00", "grand_total": "60.00", "original_bag": "{\"18\": {\"items_by_size\": {\"m\": 1}}}", "stripe_pid": "pi_3LfpeeEkwgvj714M0O8CIxgm"}}, {"model": "checkout.order", "pk": 2, "fields": {"order_number": "D7AF9CE43DDB492CAABEEC2B8A8B8825", "user_profile": 2, "full_name": "Matthew Cooper", "email": "mattcooperdev@gmail.com", "phone_number": "01282457787", "country": "GB", "postcode": "BB10 3JX", "town_or_city": "Burnley", "street_address1": "8 Langwyth Road", "street_address2": null, "county": "Lancashire", "date": "2022-09-09T17:11:41.757Z", "delivery_cost": "0.00", "order_total": "120.00", "grand_total": "120.00", "original_bag": "{\"31\": {\"items_by_size\": {\"m\": 2}}}", "stripe_pid": "pi_3LgAjhEkwgvj714M0Twq1O9Y"}}, {"model": "checkout.order", "pk": 3, "fields": {"order_number": "00C53A057086470FA78D100944A9DC71", "user_profile": 2, "full_name": "Matthew Cooper", "email": "mattcooperdev@gmail.com", "phone_number": "01282457787", "country": "GB", "postcode": "BB10 3JX", "town_or_city": "Burnley", "street_address1": "8 Langwyth Road", "street_address2": null, "county": "Lancashire", "date": "2022-09-09T17:16:59.752Z", "delivery_cost": "0.00", "order_total": "60.00", "grand_total": "60.00", "original_bag": "{\"28\": {\"items_by_size\": {\"m\": 1}}}", "stripe_pid": "pi_3LgAovEkwgvj714M1Sqz7FYY"}}, {"model": "checkout.orderlineitem", "pk": 1, "fields": {"order": 1, "product": 18, "product_size": "m", "quantity": 1, "lineitem_total": "60.00"}}, {"model": "checkout.orderlineitem", "pk": 2, "fields": {"order": 2, "product": 31, "product_size": "m", "quantity": 2, "lineitem_total": "120.00"}}, {"model": "checkout.orderlineitem", "pk": 3, "fields": {"order": 3, "product": 28, "product_size": "m", "quantity": 1, "lineitem_total": "60.00"}}, {"model": "profiles.userprofile", "pk": 1, "fields": {"user": 2, "default_phone_number": null, "default_street_address1": null, "default_street_address2": null, "default_town_or_city": null, "default_county": null, "default_postcode": null, "default_country": null}}, {"model": "profiles.userprofile", "pk": 2, "fields": {"user": 1, "default_phone_number": "01282457787", "default_street_address1": "8 Langwyth Road", "default_street_address2": null, "default_town_or_city": "Burnley", "default_county": "Lancashire", "default_postcode": "BB10 3JX", "default_country": "GB"}}, {"model": "profiles.userprofile", "pk": 3, "fields": {"user": 3, "default_phone_number": null, "default_street_address1": null, "default_street_address2": null, "default_town_or_city": null, "default_county": null, "default_postcode": null, "default_country": "AU"}}]